david aardsma,1902
fernando abad,4994
cory abbott,sa3005305
cj abrams,25768
albert abreu,17485
bobby abreu,945
bryan abreu,16609
jose abreu,15676
tony abreu,5053
jeremy accardo,6428
alfredo aceves,5164
domingo acevedo,17092
dustin ackley,10099
ronald acuna jr.,18401
cristhian adames,6013
willy adames,15986
austin adams,13801
chance adams,18135
david adams,7389
lane adams,10767
matt adams,9393
mike adams,1937
riley adams,19864
spencer adams,sa828687
jim adduci,6448
jo adell,20220
tim adleman,10968
ehire adrianza,8418
jeremy affeldt,583
dario agrazal,15821
jesus aguilar,11342
nick ahmed,12147
brady aiken,sa828659
shogo akiyama,27461
keegan akin,19362
andrew albers,7853
hanser alberto,11902
matt albers,4300
ozzie albies,16556
al alburquerque,6324
jorge alcala,19459
arismendy alcantara,10711
sandy alcantara,18684
sergio alcantara,16417
victor alcantara,15028
scott alexander,10591
tyler alexander,17735
a.j. alexy,22343
jorge alfaro,12180
anthony alford,14329
kolby allard,18694
austin allen,18083
cody allen,12183
greg allen,16623
logan allen,18555
abraham almonte,5486
yency almonte,15068
zoilo almonte,6732
albert almora jr.,14109
pete alonso,19251
yonder alonso,2530
dan altavilla,16507
aaron altherr,11270
jose altuve,5417
henderson alvarez,5669
jose alvarez,5358
jose alvarado,17780
pedro alvarez,2495
yadier alvarez,sa868984
yordan alvarez,19556
adbert alzolay,17859
alexi amarista,9063
hector ambriz,559
brett anderson,8223
bryan anderson,9871
brian anderson,18289
chase anderson,6895
cody anderson,12799
drew anderson,15130
ian anderson,19951
justin anderson,16201
lars anderson,9018
nick anderson,18337
shaun anderson,19453
tim anderson,15172
tyler anderson,12880
robert andino,4900
john andreoli,13012
matt andriese,12022
elvis andrus,8709
miguel andujar,15878
rick ankiel,1142
dean anna,8353
tejay antone,16233
nori aoki,13075
mark appel,sa501726
aristides aquino,15482
victor arano,15915
jonathan arauz,20275
chris archer,6345
francisco arcia,10286
orlando arcia,13185
oswaldo arcia,10306
nolan arenado,9777
j.p. arencibia,697
joaquin arias,3817
kohei arihara,27505
rogelio armenteros,17679
shawn armstrong,12857
randy arozarena,19290
luis arraez,18568
jose arredondo,4722
jake arrieta,4153
bronson arroyo,978
christian arroyo,16434
humberto arteaga,13595
cody asche,11997
aaron ashby,23550
alec asher,13560
willians astudillo,15608
carlos asuaje,15197
scott atchison,2642
garrett atkins,1790
phillippe aumont,5362
tyler austin,11850
xavier avery,8471
alex avila,7476
luis avilan,2882
mike aviles,5986
dylan axelrod,9303
john axford,9059
luis ayala,1650
erick aybar,4082
akil baddoo,22168
burke badenhop,9736
harrison bader,18030
javier baez,12979
michel baez,20100
pedro baez,5420
andrew bailey,1368
brandon bailey,19582
homer bailey,8362
jeff baker,2073
john baker,4756
scott baker,6176
jordan balazovic,sa918017
collin balester,6883
grant balfour,718
anthony banda,14706
jett bandy,12508
manny banuelos,5365
rod barajas,45
daniel bard,7115
luke bard,14288
joe barlow,22296
scott barlow,14993
clint barmes,1830
austin barnes,12158
brandon barnes,629
darwin barney,2430
danny barnes,11388
jacob barnes,12323
matt barnes,12863
scott barnes,8718
tony barnette,3555
tucker barnhart,10200
kyle barraclough,13713
aaron barrett,11243
franklin barreto,15519
jake barrett,13322
tres barrera,19977
jaime barria,18356
joey bart,21524
jason bartlett,8219
daric barton,5928
anthony bass,7982
chris bassitt,12304
antonio bastardo,8844
miguel batista,46
jake bauers,15194
trevor bauer,12703
jose bautista,1887
rafael bautista,15769
mike baxter,4464
jason bay,1717
shane baz,22264
brandon beachy,8851
matt beaty,17710
blake beavan,338
chad beck,9258
chris beck,13418
josh beckett,510
gordon beckham,9015
tim beckham,7949
erik bedard,126
david bednar,19569
cam bedrosian,13360
tyler beede,16981
jalen beeks,17192
dallas beeler,11471
seth beer,20493
matt belisle,1837
ronald belisario,2203
jeff beliveau,8504
chad bell,10297
heath bell,2080
cody bellinger,15998
josh bell,13145
duane below,3124
brandon belt,10264
adrian beltre,639
carlos beltran,589
anthony bemboom,13854
anthony bender,19742
andrew benintendi,17901
joaquin benoit,1437
joe benson,2845
christian bergman,10925
lance berkman,548
roger bernadina,6421
jose berrios,14168
quintin berry,9414
jon berti,12037
dellin betances,6216
rafael betancourt,177
yuniesky betancourt,8585
wilson betemit,1861
christian bethancourt,10028
chad bettis,10587
mookie betts,13611
joe biagini,13194
jeff bianchi,9958
austin bibens-dirkx,9559
bo bichette,19612
phil bickford,18519
jesse biddle,11437
shane bieber,19427
brandon bielak,19866
cavan biggio,19252
chad billingsley,5842
greg bird,14131
braden bishop,17806
brian bixler,8055
ty blach,14361
charlie blackmon,7859
clayton blackburn,sa598302
nick blackburn,4270
paul blackburn,14739
ray black,14244
travis blackley,3234
vic black,9195
aaron blair,14934
casey blake,719
andres blanco,1907
gregor blanco,3123
henry blanco,81
alex blandino,16271
kyle blanks,49
joe blanton,4849
jabari blash,11247
jj bleday,sa3011642
richard bleier,7803
jerry blevins,7841
willie bloomquist,1066
brennan boesch,914
xander bogaerts,12161
mitchell boggs,3344
brian bogusevic,4719
alec bohm,21618
mike bolsinger,11137
jeremy bonderman,1667
emilio bonifacio,4054
jorge bonifacio,12174
julio borbon,3209
ryan borucki,16350
j.c. boscan,2324
david bote,14593
jason bourgeois,2225
peter bourjos,2578
justin bour,9744
michael bourn,6387
michael bowden,4440
matt bowman,13528
brad boxberger,10133
matthew boyd,15440
blaine boyer,2237
brad brach,6627
silvino bracho,15051
dallas braden,8099
chasen bradford,12452
archie bradley,12918
bobby bradley,17278
jackie bradley jr.,12984
milton bradley,369
michael brantley,4106
rob brantly,10655
russell branyan,370
ryan brasier,5615
steven brault,15291
ryan braun,3410
john brebbia,12777
alex bregman,17678
brandon brennan,13527
jake brentz,17783
craig breslow,4363
colten brewer,12997
austin brice,17237
jose briceno,13151
parker bridwell,11502
jeff brigham,16631
reid brignac,8380
lewis brinson,14352
socrates brito,12944
zack britton,3240
connor brogdon,21205
aaron brooks,12272
mike brosseau,19683
rex brothers,9794
andrew brown,3837
barret browning,9356
domonic brown,3154
gary brown,11464
seth brown,18171
trevor brown,13895
jonathan broxton,4759
keon broxton,9253
jt brubaker,17578
jay bruce,9892
jaycob brugman,14936
vidal brujan,20536
kris bryant,15429
kris bubic,21455
david buchanan,11176
clay buchholz,3543
ryan buchter,9456
john buck,2041
walker buehler,19374
mark buehrle,225
j.b. bukauskas,20491
madison bumgarner,5524
aaron bummer,16258
dylan bundy,12917
nick burdi,16074
jake burger,22275
enrique burgos,3895
greg burke,6282
a.j. burnett,512
alex burnett,4065
corbin burnes,19361
sean burnett,1886
billy burns,12701
pat burrell,949
beau burrows,sa874682
jared burton,8346
matt bush,1246
drew butera,3411
billy butler,7399
eddie butler,13453
joey butler,7799
ty buttrey,14719
byron buxton,14161
tim byrdak,1995
marlon byrd,950
asdrubal cabrera,4962
edward cabrera,21690
everth cabrera,8155
genesis cabrera,17490
mauricio cabrera,12975
melky cabrera,4022
miguel cabrera,1744
orlando cabrera,766
trevor cahill,6249
lorenzo cain,9077
matt cain,4732
kole calhoun,11200
willie calhoun,17838
alberto callaspo,3336
johan camargo,14950
daz cameron,18353
mike cameron,1070
arquimedes caminero,8992
tony campana,4964
eric campbell,6938
shawn camp,1855
luis campusano,22217
jeimer candelario,13621
mark canha,11445
griffin canning,19867
robinson cano,3269
jorge cantu,2521
russ canzler,8265
carter capps,12803
matt capps,4788
chris capuano,1701
victor caratini,14968
adrian cardenas,9514
stephen cardullo,11204
andrew carignan,2431
shane carle,15258
dylan carlson,20126
roberto hernandez,3273
andrew carpenter,9533
chris carpenter,1292
chris carpenter,8556
david carpenter,3959
david carpenter,9244
matt carpenter,8090
ryan carpenter,12699
mike carp,7480
carlos carrasco,6632
d.j. carrasco,1666
ezequiel carrera,9048
joel carreno,2746
jamey carroll,1591
robert carson,2570
chris carter,9911
curt casali,12510
triston casas,sa3007634
andrew cashner,8782
alexi casilla,5248
santiago casilla,2873
bobby cassevah,6950
alex castellanos,7223
nick castellanos,11737
ryan castellani,16377
diego castillo,17496
jose castillo,17169
luis castillo,15689
rusney castillo,17016
welington castillo,3256
harold castro,14691
jason castro,8722
miguel castro,15684
rodolfo castro,21987
starlin castro,4579
willi castro,17338
jake cave,14477
dylan cease,18525
garin cecchini,11608
gavin cecchini,17005
brett cecil,2660
ronny cedeno,2179
xavier cedeno,36
gilberto celestino,20233
juan centeno,7168
francisco cervelli,5275
yoenis cespedes,13110
luis cessa,13345
jhoulys chacin,2608
andrew chafin,12988
adron chambers,7995
joba chamberlain,2692
yu chang,14773
aroldis chapman,10233
matt chapman,16505
jt chargois,13767
tyler chatwood,4338
endy chavez,768
eric chavez,906
jesse chavez,5448
michael chavis,17321
bruce chen,769
wei-yin chen,13071
robinson chirinos,3142
yonny chirinos,16401
lonnie chisenhall,7571
jazz chisholm jr.,20454
randy choate,813
michael choice,11376
ji-man choi,5452
shin-soo choo,3174
vinnie chulk,1838
adam cimber,15288
tony cingrani,12555
pedro ciriaco,5278
steve cishek,6483
jose cisnero,6399
nick ciuffo,16291
aaron civale,19479
taylor clarke,17611
emmanuel clase,21032
alex claudio,12890
ernie clement,20352
jeff clement,4652
paul clemens,8037
maikel cleto,5529
steve clevenger,9542
mike clevinger,12808
tyler clippard,5640
tyler cloyd,8536
jason coats,14282
alex cobb,6562
kyle cody,19686
robert coello,1149
chris coghlan,6878
phil coke,5535
chris colabello,13051
a.j. cole,11467
gerrit cole,13125
dusty coleman,8979
louis coleman,9720
taylor cole,11964
tim collins,3164
tyler collins,12723
zack collins,19181
josh collmenter,7312
alex colome,6661
bartolo colon,375
christian colon,11145
tyler colvin,5310
michael conforto,16376
hank conger,2505
adam conley,14457
jose constanza,6003
jose contreras,1660
roansy contreras,22810
willson contreras,11609
william contreras,20503
aaron cook,1571
ryan cook,8855
tim cooney,13762
david cooper,7752
garrett cooper,15279
patrick corbin,9323
francisco cordero,1243
franchy cordero,14567
jimmy cordero,15690
ryan cordell,15181
allen cordoba,15722
carlos corporan,5587
carlos correa,14162
kevin correia,1767
nestor cortes,17874
jarred cosart,10304
mike costanzo,3533
caleb cotham,10075
jharel cotton,13654
neal cotts,1797
daniel coulombe,13293
dylan covey,14825
kaleb cowart,11494
collin cowgill,7250
zack cox,sa455436
zack cozart,2616
dylan cozens,15115
allen craig,3433
jesse crain,4817
tyler cravy,10770
brandon crawford,5343
carl crawford,1201
evan crawford,7249
j.p. crawford,15491
stefan crichton,16058
kyle crick,13182
coco crisp,1572
garrett crochet,27463
c.j. cron,12546
jake cronenworth,18036
kevin cron,16211
casey crosby,5261
aaron crow,10149
trevor crowe,3402
wil crowe,19800
luis cruz,3188
nelson cruz,2434
oneil cruz,21711
rhiner cruz,711
tony cruz,2802
michael cuddyer,1534
johnny cueto,6893
noel cuevas,11894
charlie culberson,3298
brandon cumpton,11366
todd cunningham,10822
john curtiss,16128
jack cust,1564
cheslor cuthbert,10473
david dahl,13744
bobby dalbec,19966
johnny damon,185
john danks,6329
jordan danks,9187
chase d'arnaud,6652
travis d'arnaud,7739
james darnell,9060
yu darvish,13074
matt davidson,7226
tucker davidson,19871
kyle davies,3642
zach davies,13183
brennen davis,sa3007876
chris davis,9272
doug davis,1244
ike davis,8433
jaylin davis,19552
j.d. davis,16219
jonathan davis,15104
khris davis,9112
rajai davis,3708
wade davis,7441
grant dayton,11203
yonathan daza,15794
austin dean,18288
alejandro de aza,3371
jaff decker,7945
samuel deduno,5285
justin de fratus,4955
brett de geus,23592
jacob degrom,10954
david dejesus,1825
ivan de jesus,9886
chase de jong,15036
paul dejong,18015
steve delabar,11827
bryan de la cruz,19600
dane de la rosa,10095
rubby de la rosa,3862
jose de leon,15463
randall delgado,5985
nicky delmonico,13157
enyel de los santos,18403
fautino de los santos,5841
enerio del rosario,4204
travis demeritte,15958
ryan dempster,517
matt den dekker,11385
chris denorfia,4400
mark derosa,1392
daniel descalso,8392
anthony desclafani,13050
delino deshields,11379
ian desmond,6885
odrisamer despaigne,16017
reid detmers,27468
ross detwiler,2859
chris devenski,12763
rafael devers,17350
cole devries,8201
blake dewitt,7485
scott diamond,5089
aledmys diaz,15937
edwin diaz,14710
elias diaz,11680
isan diaz,17922
jairo diaz,12774
juan diaz,9235
jumbo diaz,3397
lewin diaz,18365
matt diaz,1771
yandy diaz,16578
yusniel diaz,sa912848
alex dickerson,12649
chris dickerson,7095
corey dickerson,10762
r.a. dickey,1245
brandon dickson,6979
jake diekman,5003
derek dietrich,10542
wilmer difo,14320
tim dillard,5518
nick dini,18206
andy dirks,6453
brandon dixon,15214
greg dobbs,2158
randy dobnak,23798
rafael dolis,4185
matt dominguez,4903
seranthony dominguez,19249
jason donald,9331
josh donaldson,5038
sean doolittle,1581
octavio dotel,555
felix doubront,1478
ryan doumit,2113
camilo doval,21992
darin downs,5903
jeter downs,sa3004615
matt downs,957
scott downs,773
brian dozier,9810
hunter dozier,15117
kyle drabek,4359
oliver drake,8823
j.d. drew,1152
stephen drew,4251
brandon drury,11615
mauricio dubon,16530
justin duchscherer,910
lucas duda,2502
brian duensing,4064
tyler duffey,13758
danny duffy,3542
matt duffy,13836
steven duggar,17719
robert dugger,19191
zach duke,3840
ryan dull,13974
shelley duncan,3620
adam dunn,319
dane dunning,19409
justin dunn,19268
mike dunn,9948
jon duplantier,19546
jarren duran,24617
chad durbin,1442
adam duvall,10950
jarrod dyson,4866
sam dyson,11710
adam eaton,11205
david eckstein,10
josh edgin,10796
tommy edman,19470
jim edmonds,1153
carl edwards,13607
zach eflin,13774
brett eibner,11369
jerad eickhoff,12664
scott elbert,7489
roenis elias,12673
a.j. ellis,5677
drew ellis,19873
mark ellis,1443
jacoby ellsbury,4727
jake elmore,7290
john ely,6132
edwin encarnacion,2151
adam engel,15082
barry enright,2412
nathan eovaldi,9132
cody eppley,9095
robbie erlin,10354
phillip ervin,14738
alcides escobar,6310
eduardo escobar,6153
yunel escobar,4191
tom eshelman,18361
anderson espinoza,sa872856
danny espinosa,9219
paolo espino,8246
santiago espinal,19997
carlos estevez,14542
marco estrada,1118
thairo estrada,16426
andre ethier,6265
demarcus evans,21087
phillip evans,12950
luis exposito,4398
pete fairbanks,17998
stuart fairchild,20321
bailey falter,20070
irving falu,6165
jeurys familia,5114
jacob faria,13699
buck farmer,14814
kyle farmer,14813
kyle farnsworth,278
danny farquhar,8501
eric farris,2066
taylor featherston,12590
erick fedde,17425
tim federowicz,8609
scott feldman,6283
pedro feliciano,1601
michael feliz,11903
neftali feliz,18
caleb ferguson,19349
jose fernandez,11530
jose miguel fernandez,sa724025
j.p. feyereisen,16610
chuckie fick,7978
josh fields,5070
johnny field,15048
prince fielder,4613
casey fien,3926
mike fiers,7754
stephen fife,8077
chone figgins,1580
pedro figueroa,6616
heath fillmyer,17466
brandon finnegan,16208
kyle finnegan,15009
derek fisher,16192
doug fister,9425
jack flaherty,17479
ryan flaherty,7888
josh fleming,20418
david fletcher,17992
chris flexen,13896
jesus flores,4166
ramon flores,11165
wilmer flores,5827
pedro florimon,8385
dylan floro,13394
tyler flowers,9134
gavin floyd,3886
brian flynn,12027
mike foltynewicz,10811
wilmer font,5257
lew ford,1724
mike ford,15585
logan forsythe,7185
matt foster,19647
dexter fowler,4062
dustin fowler,17098
lucius fox,18899
jake fraley,19260
ben francisco,4677
frank francisco,1933
jeff francis,4684
jeff francoeur,4792
juan francisco,6978
maikel franco,12179
ty france,17982
wander franco,23667
kevin frandsen,7528
nick franklin,10166
ryan franklin,1076
jason frasor,1906
adam frazier,15223
clint frazier,15983
todd frazier,785
kyle freeland,16256
freddie freeman,5361
mike freeman,11241
sam freeman,6832
tyler freeman,sa3004755
david freese,9549
david freitas,10619
carlos frias,3547
christian friedrich,7942
max fried,13743
ernesto frieri,5178
jace fry,16159
paul fry,15832
brian fuentes,429
joshua fuentes,16885
reymond fuentes,10329
kyuji fujikawa,14443
kosuke fukudome,3263
sam fuld,8254
carson fulmer,18311
michael fulmer,13218
charlie furbush,1370
rafael furcal,88
armando galarraga,4222
cam gallagher,12981
yovani gallardo,8173
giovanny gallegos,14986
zac gallen,19291
isaac galloway,5238
joey gallo,14128
freddy galvis,6609
ben gamel,12160
mat gamel,4034
john gant,13684
adonis garcia,13777
adolis garcia,19287
anthony garcia,sa502038
aramis garcia,16925
avisail garcia,5760
bryan garcia,19457
christian garcia,4067
deivi garcia,20276
edgar garcia,19276
freddy garcia,1077
greg garcia,10951
jaime garcia,8137
jarlin garcia,18282
jose barrero,23378
leury garcia,5913
luis garcia,6984
luis garcia,20391
luis garcia,23735
robel garcia,13167
willy garcia,12956
yimi garcia,12095
brett gardner,9927
jon garland,232
kyle garlick,18063
dustin garneau,9433
amir garrett,14375
braxton garrett,21844
mitch garver,15161
matt garza,3340
evan gattis,11003
chad gaudin,1783
kevin gausman,14107
sam gaviglio,12778
cory gearrin,7947
dillon gee,7396
steve geltz,8402
scooter gennett,10339
craig gentry,9571
michael gerber,16115
domingo german,17149
gonzalez germen,5876
chris getz,3388
jason giambi,818
johnny giavotella,6740
kyle gibson,10123
tayron guerrero,11691
logan gilbert,22250
tyler gilbert,17964
ken giles,12910
conor gillaspie,9009
luis gil,21052
andres gimenez,19950
chris gimenez,7324
hector gimenez,2172
caleb gindl,5002
kevin ginkel,19876
lucas giolito,15474
mychal givens,10430
tyler glasnow,14374
troy glaus,15
koda glover,17695
graham godfrey,3128
zack godley,14862
tyler goeddel,13180
luiz gohara,15166
ryan goins,9807
paul goldschmidt,9218
austin gomber,16561
jonny gomes,1845
yan gomes,9627
carlos gomez,4881
jeanmar gomez,9033
mauro gomez,5342
stephen gonsalves,15492
tony gonsolin,19388
adrian gonzalez,1908
alex gonzalez,520
alberto gonzalez,4906
carlos gonzalez,7287
chi chi gonzalez,14663
erik gonzalez,13369
gio gonzalez,7448
marwin gonzalez,5497
marco gonzales,15467
michael gonzalez,1794
miguel gonzalez,7024
miguel gonzalez,15675
severino gonzalez,14697
victor gonzalez,16408
niko goodrum,12092
brian goodwin,12858
nick goody,13685
alex gordon,5209
dee strange-gordon,8203
nick gordon,16337
mackenzie gore,22201
terrance gore,13658
nolan gorman,22263
darin gorski,sa501520
tom gorzelanny,6244
anthony gose,5097
tuffy gosewisch,5277
daniel gossett,16164
phil gosselin,10953
trevor gott,15046
lourdes gurriel jr.,19238
yuli gurriel,19198
matt grace,11449
curtis granderson,4747
yasmani grandal,11368
zack granite,15343
brusdar graterol,20367
kendall graveman,15514
jon gray,14916
josiah gray,24580
sonny gray,12768
chad green,15552
conner greene,sa737829
grant green,10053
hunter greene,22182
riley greene,sa3010694
shane greene,10756
taylor green,9147
tyler greene,4675
luke gregerson,4090
kevin gregg,1793
didi gregorius,6012
grayson greiner,17062
zack greinke,1943
randal grichuk,10243
a.j. griffin,11132
jason grilli,521
justin grimm,11720
trent grisham,18564
jay groome,sa917925
robbie grossman,5254
robert gsellman,13696
alex guerrero,15670
javy guerra,7407
junior guerra,5702
matt guerrier,2061
taylor guerrieri,13616
vladimir guerrero,778
vladimir guerrero jr.,19611
carlos guillen,1079
jose guillen,57
luis guillorme,16451
jandel gustave,14665
jeremy guthrie,2072
franklin gutierrez,3255
kelvin gutierrez,17468
vladimir gutierrez,19278
brandon guyer,2636
jesus guzman,3118
ronald guzman,14388
tony gwynn,6141
jedd gyorko,10816
eric haase,14111
josh hader,14212
travis hafner,1573
nick hagadone,1351
sam haggerty,18054
jesse hahn,13287
jerry hairston,144
scott hairston,1926
david hale,9756
roy halladay,1303
bill hall,1605
matt hall,18076
cole hamels,4972
billy hamilton,10199
josh hamilton,1875
jason hammel,4538
garrett hampson,19262
brad hand,9111
mitch haniger,14274
ryan hanigan,4952
jack hannahan,3692
joel hanrahan,2186
alec hansen,sa738344
alen hanson,12926
tommy hanson,9129
ian happ,17919
j.a. happ,7410
aaron harang,1451
rich harden,1772
blaine hardy,6499
j.j. hardy,3797
dan haren,1757
bryce harper,11579
ryne harper,12680
lucas harrell,7541
josh harrison,8202
matt harrison,5551
monte harrison,17216
will harris,3192
corey hart,1945
geoff hartlieb,19558
hunter harvey,15507
matt harvey,11713
adam haseley,19878
alex hassan,9959
chris hatcher,3299
thomas hatch,19264
reese havens,sa454377
latroy hawkins,729
brad hawpe,1885
ke'bryan hayes,18577
austin hays,19363
jeremy hazelbaker,9399
chase headley,4720
ryon healy,15447
andrew heaney,15423
taylor hearn,18325
adeiny hechavarria,10459
austin hedges,12976
jeremy hefner,1989
jonah heim,16930
scott heineman,14453
tyler heineman,13897
chris heisey,3978
ben heller,15100
jeremy hellickson,4371
ryan helsley,18138
todd helton,432
heath hembree,11632
jim henderson,6653
kyle hendricks,12049
liam hendriks,3548
clay hensley,4593
sam hentges,18548
guillermo heredia,18721
michael hermosillo,16285
carlos hernandez,22713
cesar hernandez,10556
david hernandez,4259
darwinzon hernandez,19848
elieser hernandez,16933
enrique hernandez,10472
felix hernandez,4772
gorkys hernandez,4146
jonathan hernandez,17464
livan hernandez,1116
luis hernandez,3206
marco hernandez,13154
ramon hernandez,918
teoscar hernandez,13066
yadiel hernandez,19334
yonny hernandez,19432
dilson herrera,14335
elian herrera,5432
jonathan herrera,4182
kelvin herrera,6033
odubel herrera,11476
rosell herrera,11611
chris herrmann,9284
david hess,16130
john hester,877
chris heston,10302
codi heuer,23293
jason heyward,4940
aaron hicks,5297
brandon hicks,4003
john hicks,12547
jordan hicks,19618
kyle higashioka,5517
trevor hildenberger,17002
aaron hill,6104
derek hill,16947
sam hilliard,17954
rich hill,4806
shawn hill,1882
steven hill,8211
tim hill,16814
dalier hinojosa,15671
eric hinske,1305
yoshihisa hirano,19756
keston hiura,20003
luke hochevar,6943
nico hoerner,21479
l.j. hoes,6656
jeff hoffman,17432
trevor hoffman,1035
bryan holaday,11287
jonathan holder,16588
kyle holder,sa857840
derek holland,4141
greg holland,7196
matt holliday,1873
jordan holloway,20631
clay holmes,13649
grant holmes,sa828669
brock holt,9345
brent honeywell,16466
j.j. hoover,9037
jeremy horst,596
rhys hoskins,16472
eric hosmer,3516
tanner houck,19879
adrian houser,12718
t.j. house,9121
ryan howard,2154
ryan howard,sa857225
spencer howard,23252
j.p. howell,8245
jared hoying,10882
james hoyt,14605
daniel hudson,7146
dakota hudson,19206
orlando hudson,1307
tim hudson,921
aubrey huff,1213
david huff,4257
sam huff,22209
jared hughes,9325
luke hughes,4898
phil hughes,7450
danny hultzen,sa455118
philip humber,8586
nick hundley,3376
torii hunter,731
tommy hunter,1157
drew hutchison,10732
jae-gyun hwang,19369
chris iannetta,8267
andy ibanez,18819
raul ibanez,607
ryota igarashi,10232
jose iglesias,10231
raisel iglesias,17130
ender inciarte,4922
jonathan india,21523
gregory infante,9119
omar infante,1609
brandon inge,470
cole irvin,19244
kyle isbel,21614
travis ishikawa,4793
jason isringhausen,1158
hisashi iwakuma,13048
akinori iwamura,7781
maicer izturis,2437
alex jackson,17276
austin jackson,9848
brett jackson,9632
conor jackson,5997
edwin jackson,1841
jay jackson,7432
luke jackson,11752
ryan jackson,6596
mike jacobs,2231
joshua james,16794
paul janish,7412
travis jankowski,13768
danny jansen,16535
kenley jansen,3096
casey janssen,7355
john jaso,5887
cristian javier,17606
griffin jax,20253
jon jay,5227
daulton jefferies,19345
ryan jeffers,24618
jeremy jeffress,9490
chad jenkins,10326
bobby jenks,8645
dan jennings,8073
desmond jennings,1965
kevin jepsen,6475
derek jeter,826
a.j. jimenez,7077
eloy jimenez,17484
joe jimenez,15761
luis jimenez,6341
ubaldo jimenez,3374
connor joe,16572
brian johnson,14272
chris johnson,1191
dan johnson,2167
daniel johnson jr.,19643
elliot johnson,4751
erik johnson,12520
jim johnson,3656
josh johnson,4567
kelly johnson,2234
micah johnson,13809
nick johnson,828
pierce johnson,13435
reed johnson,1702
rob johnson,8029
steve johnson,4053
adam jones,6368
andruw jones,96
chipper jones,97
garrett jones,2714
jahmai jones,18872
james jones,9767
jacoby jones,14818
nate jones,4696
nolan jones,sa917941
ryder jones,15982
taylor jones,19533
taylor jordan,10466
caleb joseph,7087
corban joseph,5503
tommy joseph,10349
matt joyce,3353
aaron judge,15640
joshua jung,sa3011468
taylor jungmann,13119
jakob junis,13619
ariel jurado,17030
jair jurrjens,5556
kila ka'aihue,4707
tommy kahnle,11384
ryan kalish,6962
jung ho kang,17182
james kaprielian,18331
james karinchak,20151
nate karns,12638
jeff karstens,5879
munenori kawasaki,13047
anthony kay,20387
scott kazmir,4897
austin kearns,332
keone kela,14696
jarred kelenic,22558
brad keller,15734
mitch keller,17594
shawn kelley,7773
casey kelly,9174
carson kelly,13620
don kelly,2216
joe kelly,9761
merrill kelly,11156
michael kelly,sa597767
ty kelly,7740
matt kemp,5631
tony kemp,14894
jason kendall,993
howie kendrick,4229
kyle kendrick,6230
adam kennedy,19
brett kennedy,17877
ian kennedy,6986
max kepler,12144
jeff keppinger,3856
clayton kershaw,2036
dallas keuchel,9434
carter kieboom,19958
spencer kieboom,13300
kevin kiermaier,11038
yusei kikuchi,20633
franklyn kilome,sa830592
craig kimbrel,6655
ha-seong kim,27506
hyun soo kim,18718
kwang-hyun kim,27458
isiah kiner-falefa,16512
scott kingery,17975
nick kingham,11694
michael king,19853
tyler kinley,18297
josh kinney,3638
ian kinsler,6195
brandon kintzler,9939
jason kipnis,9776
alex kirilloff,20325
alejandro kirk,22581
michael kirkman,9877
andrew kittredge,12828
patrick kivlehan,13910
branden kline,14101
corey kluber,2429
andrew knapp,14942
corey knebel,15010
andrew knizner,19514
matt koch,13420
tom koehler,6570
adam kolarek,10843
paul konerko,242
george kontos,9486
michael kopech,17282
bobby korecky,4608
casey kotchman,1930
mark kotsay,1042
george kottaras,5506
kevin kouzmanoff,5995
jackson kowar,21549
pete kozma,2539
kevin kramer,17689
erik kratz,4403
dean kremer,19350
ian krol,10066
jason kubel,2161
kyle kubitza,12148
chad kuhl,14975
hong-chih kuo,7016
hiroki kuroda,3283
steven kwan,24610
john lackey,1507
asa lacy,sa3014423
tyler ladendorf,3211
aaron laffey,6248
juan lagares,5384
bryan lahair,5462
brandon laird,5476
gerald laird,1698
junior lake,4672
travis lakins,18600
blake lalli,9246
ryan lamarre,10700
peter lambert,17969
jake lamb,13329
john lamb,8493
andrew lambo,5386
dinelson lamet,17186
ryan langerhans,98
john lannan,7080
matt laporta,2280
trevor larnach,21501
adam laroche,1904
tommy la stella,12371
mat latos,3815
eric lauer,19316
ramon laureano,17128
ryan lavarnway,8879
derek law,13133
casey lawrence,11121
brett lawrie,5247
brandon league,3731
mike leake,10130
wade leblanc,5221
jose leclerc,14524
sam lecure,4664
carlos lee,243
cliff lee,1636
dae-ho lee,18722
derrek lee,525
khalil lee,19952
mark leiter,15551
dj lemahieu,9874
dominic leone,13763
sandy leon,5273
chris leroux,7645
jon lester,4930
colby lewis,1259
fred lewis,4693
kyle lewis,19508
royce lewis,20437
domingo leyba,16404
alex liddi,5411
brad lidge,563
brent lillibridge,3501
ted lilly,833
tim lincecum,5705
brad lincoln,4241
adam lind,8027
josh lindblom,7882
francisco lindor,12916
matt lindstrom,4604
tzu-wei lin,14678
francisco liriano,3201
rymer liriano,4779
zack littell,15823
ben lively,14932
jonathan loaisiga,19753
jose lobaton,4243
kyle lobstein,9178
tim locastro,15124
jeff locke,2929
nick lodolo,26378
kameron loe,4422
boone logan,5525
kyle lohse,739
steve lombardozzi,5422
james loney,4556
evan longoria,9368
sam long,25379
shed long jr.,16542
tim lopes,14137
felipe lopez,1311
javier lopez,1663
jose lopez,3114
jorge lopez,14527
nicky lopez,19339
pablo lopez,17085
raffy lopez,12606
reynaldo lopez,16400
wilton lopez,4227
yoan lopez,17181
michael lorenzen,14843
david lough,7215
aaron loup,10343
richard lovelady,19337
brandon lowe,18882
derek lowe,199
josh lowe,19953
mark lowe,7416
nathaniel lowe,19566
jed lowrie,4418
zac lowther,20243
joey lucchesi,19320
elvis luciano,20632
jonathan lucroy,7870
ryan ludwick,1260
cory luebke,1984
lucas luetge,8337
dawel lugo,14713
seth lugo,12447
jordan luplow,16424
donal lutz,10154
zach lutz,3735
gavin lux,19955
jesus luzardo,19959
jordan lyles,7593
daniel lynch,21537
lance lynn,2520
brandon lyon,1312
tyler lyons,11334
andres machado,14681
dixon machado,11472
manny machado,11493
jean machi,3220
vimael machin,17684
nick madrigal,20521
ryan madson,1852
kenta maeda,18498
matt magill,3950
tyler mahle,16358
paul maholm,8678
mikie mahtook,13130
mitch maier,5588
luke maile,13355
john maine,4773
scott maine,885
kevin maitan,sa969045
martin maldonado,6887
sean manaea,15873
trey mancini,15149
seth maness,12235
matt manning,20369
alek manoah,26410
shaun marcum,6204
nick margevicius,20395
manuel margot,14712
jake marisnick,11339
nick markakis,5930
carlos marmol,2790
jose marmolejos,15767
nick maronde,12530
brailyn marquez,21896
german marquez,15038
jason marquis,105
chris marrero,2852
deven marrero,13325
brandon marsh,20202
evan marshall,12297
sean marshall,5905
lou marson,7610
francis martes,17303
jefry marte,5107
ketel marte,13613
luis marte,8651
starling marte,9241
victor marte,5158
austin martin,sa3014454
brett martin,17369
carlos martinez,11682
chris martin,11847
cody martin,12182
corbin martin,19884
cristhian martinez,5337
fernando martinez,9210
jason martin,16429
j.d. martinez,6184
jose martinez,7996
leonys martin,11846
luis martinez,2481
michael martinez,7358
nick martinez,12730
nick martini,12005
richie martin,17736
russell martin,4616
victor martinez,393
nick masset,7267
justin masterson,2038
darin mastroianni,7316
jorge mateo,17273
joe mather,3714
jeff mathis,3448
wyatt mathisen,14555
nick maton,21635
phil maton,18064
daisuke matsuzaka,7775
hideki matsui,1659
kazuo matsui,1854
ryan mattheus,7169
brian matusz,2646
tyler matzek,10058
steven matz,13361
joe mauer,1857
brandon maurer,4878
bruce maxwell iii,13866
justin maxwell,6827
john mayberry,3390
cameron maybin,5223
dustin may,19716
mike mayers,15451
jack mayfield,15402
jacob may,14876
edwin maysonet,5735
trevor may,6398
tim mayza,15042
nomar mazara,14553
zach mcallister,2895
matt mcbride,9373
ryan mcbroom,16524
brian mccann,4810
james mccann,12859
brandon mccarthy,4662
jake mccarthy,21622
kevin mccarthy,15240
shane mcclanahan,21483
kyle mcclellan,4845
mike mcclendon,9587
chas mccormick,19599
mike mccoy,4583
lance mccullers jr.,14120
andrew mccutchen,9847
darnell mcdonald,1867
james mcdonald,5523
john mcdonald,395
t.j. mcfarland,3237
jake mcgee,7550
casey mcgehee,6086
dustin mcgowan,8600
chris mcguiness,9423
reese mcguire,15674
collin mchugh,7531
brendan mckay,20186
michael mckenry,9628
ryan mckenna,19928
triston mckenzie,18000
billy mckinney,15654
zach mckinstry,19392
nate mclouth,3190
ryan mcmahon,15112
jeff mcneil,15362
kyle mcpherson,5009
austin meadows,15672
john means,16269
gil meche,1089
tommy medica,11147
adonis medina,19903
yoervis medina,10498
kris medlen,9417
evan meek,5109
tylor megill,21318
adalberto mejia,13188
ernesto mejia,sa295188
francisco mejia,16403
jenrry mejia,8476
j.c. mejia,20617
seth mejias-brean,13905
mark melancon,4264
mj melendez,22197
tim melville,9149
yohander mendez,14391
danny mendick,18889
luis mendoza,3126
conner menez,19199
daniel mengden,16980
oscar mercado,16375
jordy mercer,6547
yermin mercedes,17423
jesus merchan,sa199270
ryan merritt,13688
whit merrifield,11281
julian merryweather,16703
melky mesa,447
victor victor mesa,sa3008602
devin mesoraco,5666
alex meyer,12833
jake meyers,20308
max meyer,sa3014430
keynan middleton,15264
will middlebrooks,7002
jose mijares,4140
miles mikolas,9803
aaron miles,1844
wade miley,8779
andrew miller,6785
brad miller,12775
jared miller,sa827467
jim miller,7458
justin miller,8580
lastings milledge,6441
owen miller,24655
shelby miller,10197
alec mills,13834
brad mills,4420
kevin millwood,106
tommy milone,7608
juan minaya,10341
mike minor,10021
a.j. minter,18655
ariel miranda,17526
jose miranda,20538
bryan mitchell,11479
d.j. mitchell,5354
casey mize,20492
jose molina,25
yadier molina,7007
yoan moncada,17232
adalberto mondesi,13769
mickey moniak,19956
frankie montas,14309
jesus montero,5514
miguel montero,3364
rafael montero,12760
jordan montgomery,16511
mike montgomery,4869
adam moore,9362
andrew moore,17553
dylan moore,18042
matt moore,1890
scott moore,4390
tyler moore,7244
franklin morales,5088
kendrys morales,8610
melvin mora,157
colin moran,16909
adrian morejon,20039
brent morel,6402
mitch moreland,3086
adam morgan,12580
eli morgan,20203
nyjer morgan,4885
shawn morimando,13606
mike morin,13442
justin morneau,1737
max moroff,14556
reyes moronta,14966
bryan morris,10234
logan morrison,9205
brandon morrow,9346
michael morse,3035
charlie morton,4676
guillermo moscoso,5106
dustin moseley,7060
brandon moss,4467
guillermo mota,1467
jason motte,5861
taylor motter,12399
ryan mountcastle,18373
mike moustakas,4892
gabriel moya,16348
steven moya,11854
peter moylan,4891
edward mujica,3970
kyle muller,20167
cedric mullins,17929
max muncy,13301
andres munoz,20373
yairo munoz,16313
david murphy,6035
daniel murphy,4316
john ryan murphy,10346
sean murphy,19352
tom murphy,13499
joe musgrove,12970
ronnier mustelier,sa601536
brett myers,962
wil myers,10047
xavier nady,1658
hiroyuki nakajima,14446
mike napoli,3057
tyler naquin,13359
omar narvaez,13338
chris narveson,2141
joe nathan,1122
daniel nava,5450
dioner navarro,3179
efren navarro,9854
josh naylor,18839
thomas neal,9461
kristopher negron,5306
nick neidert,18699
chris nelson,8175
jimmy nelson,10547
hector neris,11804
pat neshek,4682
sheldon neuse,19635
dovydas neverauskas,11604
jake newberry,15136
sean newcomb,16943
kevin newman,17696
gift ngoepe,10340
juan nicasio,7731
mike nickeas,7419
justin nicolino,11754
tomas nido,13755
jeff niemann,8591
jon niese,4424
kirk nieuwenhuis,6400
wil nieves,1556
brandon nimmo,12927
tsuyoshi nishioka,11531
jayson nix,3790
jacob nix,17775
laynce nix,1766
hector noesi,3292
john nogowski,16852
aaron nola,16149
austin nola,15941
ricky nolasco,3830
sean nolin,11341
jake noll,19703
lars nootbaar,21454
jordan norberto,8432
bud norris,9492
daniel norris,13475
derek norris,6867
jacob nottingham,16448
ivan nova,1994
dom nunez,15055
eduardo nunez,6848
renato nunez,14503
vidal nuno,9674
bailey ober,21224
scott oberg,13911
brett oberholtzer,3855
peter o'brien,13288
darren o'day,3321
jake odorizzi,6397
rougned odor,12282
eric o'flaherty,5746
alexi ogando,10261
brian o'grady,16729
chris o'grady,13818
ryan o'hearn,16442
seunghwan oh,18719
shohei ohtani,19755
shohei ohtani,19755
steven okert,13580
edward olivares,19698
jared oliva,19968
darren oliver,206
hector olivera,17528
lester oliveros,9167
miguel olivo,1638
matt olson,14344
tyler olson,14741
mike olt,10698
shawn o'malley,9629
logan ondrusek,3677
tyler o'neill,15711
magglio ordonez,248
paulo orlando,8628
pete orr,2748
rafael ortega,10323
david ortiz,745
luis ortiz,16942
josh osich,11528
jose osuna,12937
roberto osuna,13764
corey oswalt,13677
roy oswalt,571
dan otero,7385
adam ottavino,1247
glenn otto,21366
josh outman,4004
lyle overbay,1617
dillon overton,15627
johan oviedo,22487
juan oviedo,2886
henry owens,13143
chris owings,10030
micah owings,4253
marcell ozuna,10324
cristian pache,19948
jordan pacheco,2677
chris paddack,20099
vicente padilla,964
angel pagan,2918
emilio pagan,14771
daniel palka,14897
joe palumbo,sa738453
joe panik,11936
thomas pannone,17281
jonathan papelbon,5975
enoli paredes,20447
isaac paredes,20036
jimmy paredes,5481
byung-ho park,18497
blake parker,5224
jarrod parker,4913
jarrett parker,11624
kyle parker,11763
hoy park,18027
chris parmelee,2554
bobby parnell,9926
gerardo parra,8553
manny parra,4279
wes parsons,14764
tyler pastornicky,6777
luis patino,22815
corey patterson,300
spencer patton,12361
troy patton,8368
david pauley,3625
david paulino,17418
dorssys paulino,sa659464
felipe paulino,3777
ronny paulino,2129
ben paulsen,9741
xavier paul,5963
carl pavano,790
james paxton,11828
mark payton,sa549855
james pazos,13323
brad peacock,5401
steve pearce,9957
nate pearson,20160
jake peavy,1051
joc pederson,11899
dustin pedroia,8370
carlos peguero,8760
francisco peguero,5496
mike pelfrey,5203
brayan pena,3231
carlos pena,934
felix pena,13403
francisco pena,8298
jeremy pena,21636
ramiro pena,8841
hunter pence,8252
cliff pennington,3395
brad penny,535
david peralta,2136
freddy peralta,18679
jhonny peralta,1738
joel peralta,2332
wandy peralta,14295
wily peralta,7738
jose peraza,13593
luis perdomo,5380
luis perdomo,14682
carlos perez,10642
chris perez,5213
cionel perez,19614
delvin perez,sa917935
eury perez,10299
franklin perez,sa873722
hernan perez,5751
juan perez,2557
luis perez,6389
martin perez,6902
michael perez,12977
oliver perez,1514
roberto perez,2900
salvador perez,7304
williams perez,11592
cam perkins,13444
glen perkins,8041
vinnie pestano,4782
bryan petersen,2567
david peterson,20302
dillon peters,18790
dj peters,19348
d.j. peterson,sa549926
dustin peterson,15189
jace peterson,12325
shane peterson,7423
gregorio petit,3812
yusmeiro petit,4020
jake petricka,10534
andy pettitte,840
jonathan pettibone,7106
tommy pham,2967
josh phegley,9308
cord phelps,8631
david phelps,6316
brandon phillips,791
brett phillips,14735
evan phillips,17734
denis phipps,6968
felix pie,3751
juan pierre,443
a.j. pierzynski,746
kevin pillar,12434
brett pill,5834
manny pina,2829
chad pinder,15191
michael pineda,5372
joel pineiro,1094
josmil pinto,6806
riley pint,sa917922
jose pirela,5485
stephen piscotty,13367
nick pivetta,15454
kevin plawecki,13807
zach plesac,19979
trevor plouffe,7462
adam plutko,15846
colin poche,19403
scott podsednik,1095
gregory polanco,12907
jorge polanco,13152
placido polanco,1176
aj pollock,9256
drew pomeranz,11426
stuart pomeranz,6382
dalton pompey,12797
daniel ponce de leon,16110
rick porcello,2717
jorge posada,841
buster posey,9166
cody poteet,18769
brooks pounders,10387
boog powell,15103
yohel pozo,18848
martin prado,3312
nick pratto,sa3004138
alex presley,5305
ryan pressly,7005
david price,3184
jason pridie,4611
josh prince,6746
jurickson profar,10815
austin pruitt,15290
stephen pryor,10663
cesar puello,7216
yasiel puig,14225
albert pujols,1177
a.j. puk,19343
nick punto,1429
zach putnam,9080
j.j. putz,1795
kevin quackenbush,12360
chad qualls,2170
cal quantrill,19312
carlos quentin,6274
roman quinn,13546
humberto quintero,1824
jose quintana,11423
omar quintanilla,6335
ryan raburn,2218
tanner rainey,17610
cal raleigh,21534
brooks raley,10061
luke raley,19354
alexei ramirez,5133
aramis ramirez,1002
elvin ramirez,2247
erasmo ramirez,10314
hanley ramirez,8001
harold ramirez,14387
jc ramirez,8302
jose ramirez,13510
jose ramirez,10171
manny ramirez,210
neil ramirez,7677
nick ramirez,12575
noe ramirez,12800
ramon ramirez,7986
yefry ramirez,15655
yohan ramirez,19444
a.j. ramos,8350
cesar ramos,3357
edubray ramos,16086
heliot ramos,22515
wilson ramos,1433
clay rapada,4831
colby rasmus,9893
cory rasmus,2413
drew rasmussen,25385
jon rauch,1475
rangel ravelo,10839
adam ravenelle,sa602703
josh ravin,2951
corey ray,19170
robbie ray,11486
colin rea,12317
j.t. realmuto,11739
anthony recker,4063
josh reddick,3892
todd redmond,9943
addison reed,10586
a.j. reed,16246
cody reed,15232
michael reed,13228
rob refsnyder,13770
sean reid-foley,17034
nolan reimold,3441
anthony rendon,12861
hunter renfroe,15464
luis rengifo,19858
chris resop,3799
ben revere,4712
alex reyes,15015
franmil reyes,14566
jose reyes,1736
jomar reyes,sa830204
pablo reyes,16357
victor reyes,15487
bryan reynolds,19326
mark reynolds,7619
matt reynolds,8887
matt reynolds,13788
arthur rhodes,1097
will rhymes,9802
clayton richard,3551
garrett richards,9784
trevor richards,19309
scott richmond,4307
joey rickard,13277
j.t. riddle,17642
andre rienzo,3507
austin riley,18360
alex rios,2090
edwin rios,18316
webster rivas,14636
emmanuel rivera,19890
felipe vazquez,12076
juan rivera,843
mariano rivera,844
rene rivera,3648
t.j. rivera,12495
yadiel rivera,11863
anthony rizzo,3473
tanner roark,8753
brian roberts,166
david robertson,8241
daniel robertson,6266
daniel robertson,14145
luis robert,20043
ryan roberts,5653
tyler robertson,3223
clint robinson,6908
drew robinson,11761
kristian robinson,sa3006884
shane robinson,4249
trayvon robinson,9875
hansel robles,11801
victor robles,18363
brendan rodgers,17907
richard rodriguez,13549
fernando rodney,494
carlos rodon,16137
alex rodriguez,1274
aneury rodriguez,8948
dereck rodriguez,14509
eduardo rodriguez,13164
fernando rodriguez,7558
francisco rodriguez,1642
grayson rodriguez,sa3008130
henry rodriguez,7983
henry rodriguez,6371
ivan rodriguez,1275
jefry rodriguez,17018
joely rodriguez,11487
julio rodriguez,23697
ronny rodriguez,11875
sean rodriguez,6589
paco rodriguez,13398
wandy rodriguez,2586
chaz roe,9866
esmil rogers,6317
jason rogers,11773
jake rogers,19452
mark rogers,4083
taylor rogers,13449
trevor rogers,22286
tyler rogers,15541
josh rojas,19734
jose rojas,19331
miguel rojas,7802
scott rolen,970
jimmy rollins,971
jordan romano,16122
sal romano,13690
enny romero,4001
fernando romero,15885
ricky romero,3403
stefen romero,11746
andrew romine,1159
austin romine,5491
sergio romo,9817
bruce rondon,5766
hector rondon,2391
jose rondon,14140
brent rooker,19627
jorge de la rosa,2047
adam rosales,9682
amed rosario,15518
eddie rosario,12155
wilin rosario,8002
danny rosenbaum,sa502078
trevor rosenthal,10745
cody ross,1760
david ross,1551
joe ross,12972
robbie ross,6819
tyson ross,7872
aaron rowand,254
ryan rowland-smith,3245
ryan rua,12409
darin ruf,9929
justin ruggiano,7620
carlos ruiz,2579
jose ruiz,14552
keibert ruiz,19610
rio ruiz,14103
dan runzler,4080
cameron rupp,11146
chris rusin,9895
addison russell,14106
james russell,4089
blake rutherford,sa917932
josh rutledge,11167
adley rutschman,26288
brendan ryan,6073
joe ryan,21390
kyle ryan,11753
hyun jin ryu,14444
marc rzepczynski,6612
cc sabathia,404
casey sadler,11209
takashi saito,6021
tyler saladino,10807
fernando salas,4971
danny salazar,5867
chris sale,10603
jarrod saltalamacchia,5557
jeff samardzija,3254
adrian sampson,13339
keyvius sampson,10039
alex sanabia,5350
aaron sanchez,11490
adrian sanchez,11338
anibal sanchez,3284
yolmer sanchez,11602
eduardo sanchez,2966
freddy sanchez,1624
gaby sanchez,3361
gary sanchez,11442
hector sanchez,10289
jesus sanchez,19913
jonathan sanchez,7507
sixto sanchez,19680
tony sanchez,6178
pablo sandoval,5409
patrick sandoval,19447
jerry sands,4016
reiver sanmartin,19754
miguel sano,12164
anthony santander,14551
carlos santana,2396
danny santana,10322
dennis santana,17878
domingo santana,10348
edgar santana,17355
ervin santana,3200
johan santana,755
hector santiago,4026
ramon santiago,1417
tony santillan,19926
sergio santos,4734
dave sappelt,6898
luis sardinas,13153
josh satin,6788
joe saunders,4366
michael saunders,9981
warwick saupold,13211
hirokazu sawamura,27515
josh sborz,18323
jordan schafer,9883
logan schafer,7937
scott schebler,12225
tanner scheppers,10267
max scherzer,3137
nate schierholtz,6201
ryan schimpf,9953
clarke schmidt,19899
jonathan schoop,11265
max schrock,17750
skip schumaker,3704
kyle schwarber,16478
chris schwinden,7851
frank schwindel,15351
luke scott,3469
tanner scott,17586
evan scribner,7525
troy scribner,15570
andre scrubb,20329
marco scutaro,1555
corey seager,13624
kyle seager,9785
jean segura,5933
marcus semien,12533
antonio senzatela,15488
nick senzel,19293
luis severino,15890
pedro severino,14523
paul sewald,13892
kevin shackelford,11012
justin shafer,16132
richie shaffer,13271
sterling sharp,19671
bryan shaw,8110
chris shaw,17738
travis shaw,11982
ben sheets,710
gavin sheets,19901
justus sheffield,17285
jimmie sherfy,15118
george sherrill,6291
james shields,7059
braden shipley,15158
matt shoemaker,4776
kelly shoppach,3867
zack short,19562
chasen shreve,10855
jb shuck,6677
kevin siegrist,8180
magneuris sierra,17023
moises sierra,6050
yaisel sierra,sa909930
carlos silva,973
andrelton simmons,10847
shae simmons,14200
alfredo simon,2155
lucas sims,13470
brady singer,25377
jon singleton,10441
tony sipp,8280
jose siri,17452
chance sisco,15694
grady sizemore,2197
scott sizemore,2881
tyler skaggs,10190
kyle skipworth,5298
eric skoglund,16155
matt skole,12119
tarik skubal,22267
austin slater,16153
aaron slegers,15231
kevin slowey,9918
devin smeltzer,19487
burch smith,12784
carson smith,13172
caleb smith,14875
dominic smith,15653
dwight smith jr.,13473
joe smith,3281
josh a. smith,10946
kevan smith,12284
kevin smith,20242
mallex smith,13608
pavin smith,19892
riley smith,19826
seth smith,7331
will smith,8048
will smith,19197
justin smoak,9054
josh smoker,10285
jake smolinski,5408
drew smyly,11760
cy sneed,16101
blake snell,13543
ian snell,2227
travis snider,2830
brandon snyder,9856
chris snyder,4606
eric sogard,7927
nick solak,19294
donovan solano,8623
yangervis solarte,5352
jorge soler,14221
ali solis,8848
sammy solis,11457
alfonso soriano,847
joakim soria,6941
rafael soriano,1100
mike soroka,18383
edmundo sosa,17022
geovany soto,3707
gregory soto,19677
juan soto,20123
steven souza jr.,5667
denard span,8347
cory spangenberg,12294
glenn sparkman,15200
ryan spilborghs,4521
george springer,12856
jeffrey springs,17677
jacob stallings,13723
eric stamets,13795
craig stammen,7274
ryne stanek,15947
giancarlo stanton,4949
bubba starling,13356
brock stassi,12244
max stassi,10059
tim stauffer,6432
josh staumont,18335
drew steckenrider,18806
justin steele,17312
jackson stephens,14420
robert stephenson,13594
tyler stephenson,17988
andrew stevenson,17932
brock stewart,16727
chris stewart,3878
christin stewart,17714
dj stewart,17766
ian stewart,5950
kohl stewart,15502
josh stinson,3219
robert stock,6576
drew storen,6983
mickey storey,4721
trevor story,12564
bryson stott,26294
matt strahm,13799
dan straily,9460
stephen strasburg,10131
chris stratton,13761
myles straw,17620
huston street,8258
hunter strickland,7836
ross stripling,13273
marcus stroman,13431
pedro strop,4070
michael stutes,6550
drew stubbs,9328
garrett stubbs,18067
eric stults,8011
albert suarez,6175
andrew suarez,18300
eugenio suarez,12552
jose suarez,19911
ranger suarez,17277
jesus sucre,5942
wander suero,15855
cole sulser,15256
andrew susac,13132
brent suter,13942
ichiro suzuki,1101
kurt suzuki,8259
seiya suzuki,30116
dansby swanson,18314
erik swanson,16587
anthony swarzak,7466
darnell sweeney,13284
ryan sweeney,6352
blake swihart,13176
r.j. swindle,539
nick swisher,4599
noah syndergaard,11762
thomas szapucki,sa875054
matt szczur,11255
jose tabata,2411
jameson taillon,11674
hisanori takahashi,10091
mitch talbot,4961
masahiro tanaka,15764
raimel tapia,14350
stephen tarpley,15859
dillon tate,17796
yoshinori tateyama,11651
fernando tatis jr.,19709
mike tauchman,15274
leody taveras,18900
oscar taveras,11173
andrew taylor,7896
beau taylor,12384
chris taylor,13757
josh taylor,17359
michael a. taylor,11489
tyrone taylor,13675
junichi tazawa,4079
taylor teagarden,5199
mark teahen,4511
julio teheran,6797
mark teixeira,1281
miguel tejada,941
ruben tejada,5519
anderson tejeda,19909
blake tekotte,8810
tomas telis,10067
rowdy tellez,15679
ryan tepera,10291
nick tepesch,11716
curtis terry,18881
matt thaiss,19318
eric thames,3711
joe thatcher,4620
dale thayer,5032
ryan theriot,3811
caleb thielbar,10078
josh thole,9689
alek thomas,23792
justin thomas,9910
lane thomas,16939
jim thome,409
jake thompson,14371
keegan thompson,19795
ryan thompson,16647
trayce thompson,9952
zach thompson,16094
matt thornton,1918
trent thornton,17948
tyler thornburg,10688
lewis thorpe,15906
chris tillman,5279
charlie tilson,12983
jesus tinoco,16300
carlos tocci,14558
andrew toles,13414
shawn tolleson,10481
steve tolleson,4450
yasmany tomas,17171
ka'ai tom,18136
josh tomlin,9388
kelby tomlinson,13005
spencer torkelson,27465
abraham toro,19844
alex torres,7038
andres torres,1488
carlos torres,7624
gleyber torres,16997
jose torres,14957
luis torrens,15905
ronald torreyes,11400
yorvit torrealba,1135
touki toussaint,16929
wilfredo tovar,10416
chad tracy,1888
taylor trammell,19960
devon travis,13862
sam travis,16263
blake treinen,12572
jose trevino,16725
andrew triggs,13533
carlos triunfel,193
lou trivino,15043
chadwick tromp,16953
nicholas tropeano,12385
mike trout,10155
mark trumbo,6876
yoshi tsutsugo,27459
cole tucker,17326
kyle tucker,18345
preston tucker,13633
sam tuivailala,13485
troy tulowitzki,3531
spencer turnbull,16207
jacob turner,10185
justin turner,5235
trea turner,16252
koji uehara,9227
dan uggla,3442
melvin upton jr.,5015
justin upton,5222
jose urena,11589
richard urena,16411
julio urias,14765
luis urias,16622
ramon urias,18795
juan uribe,454
jose urquidy,18413
henry urrutia,14441
gio urshela,10681
chase utley,1679
pat valaika,14885
luis valbuena,4969
cesar valdez,9013
framber valdez,17295
jose valdez,3217
jordany valdespin,5098
phillips valdez,15605
raul valdes,1953
wilson valdez,1863
danny valencia,6364
breyvic valera,12758
jose valverde,1726
rick vandenhurk,5099
josh vanmeter,15170
scott van slyke,4365
cesar vargas,14099
ildemaro vargas,13324
jason vargas,8044
kennys vargas,12101
daulton varsho,19918
anthony varvaro,2385
esmerling vasquez,5280
andrew vaughn,26197
christian vazquez,9774
javier vazquez,801
vince velasquez,11189
andrew velazquez,14196
hector velazquez,19341
will venable,211
jonny venters,7175
yordano ventura,11855
jose veras,2063
alex verdugo,17027
drew verhagen,13424
justin verlander,8700
logan verrett,12905
alex vesia,25007
dayan viciedo,3917
shane victorino,1677
thyago vieira,14510
matt vierling,21558
brayan villarreal,5180
carlos villanueva,4138
christian villanueva,11738
jonathan villar,10071
meibrys viloria,17109
nick vincent,7555
josh vitters,4623
arodys vizcaino,5498
omar vizquel,411
daniel vogelbach,14130
ryan vogelsong,1011
stephen vogt,5000
luke voit,14811
edinson volquez,3990
chris volstad,9901
jason vosler,16686
austin voth,15047
joey votto,4314
michael wacha,14078
tsuyoshi wada,13046
cory wade,7570
lamonte wade jr.,18126
tyler wade,15730
billy wagner,578
jacob waguespack,18318
bobby wahl,14832
adam wainwright,2233
jordan walden,3271
marcus walden,8004
kyle waldrop,7513
christian walker,13419
neil walker,7539
taijuan walker,11836
brett wallace,8434
chad wallach,17161
forrest wall,sa828682
josh wall,4436
taylor walls,22458
colin walsh,10961
jared walsh,18607
p.j. walters,9557
zach walters,10622
chien-ming wang,2074
wei-chung wang,14382
drew ward,sa737690
taylor ward,17548
adam warren,9029
drew waters,sa3004378
spenser watkins,17489
tony watson,3132
ryan weathers,23796
jered weaver,4235
luke weaver,16918
brandon webb,1692
daniel webb,10558
jacob webb,19274
logan webb,17995
ryan webb,7474
tyler webb,14974
ryan weber,10160
allen webster,3993
jemile weeks,2498
rickie weeks,1849
kyle weiland,7874
colton welker,19961
casper wells,9700
randy wells,4535
tyler wells,20000
vernon wells,1326
j.b. wendelken,14506
joey wendle,13853
jayson werth,1327
jake westbrook,412
ryan wheeler,9312
zack wheeler,10310
alex white,10054
eli white,19346
evan white,20078
mitch white,19225
tyler white,15564
chase whitley,10982
forrest whitley,sa917930
garrett whitlock,20191
rowan wick,14646
taylor widener,19266
brad wieck,16390
joe wieland,6109
matt wieters,4298
ty wigginton,1491
tom wilhelmsen,9975
aaron wilkerson,16904
steve wilkerson,16041
devin williams,15816
dontrelle willis,1703
jerome williams,1137
josh willingham,2103
justin williams,15490
luke williams,19931
mason williams,11859
mac williamson,14158
nick williams,14330
taylor williams,14899
trevor williams,16977
alex wilson,9239
bobby wilson,6564
brian wilson,6485
bryse wilson,19990
c.j. wilson,3580
justin wilson,4301
trey wingenter,17793
jesse winker,13590
dan winkler,12237
patrick wisdom,13602
dewayne wise,1554
matt wisler,12804
robert witt,25764
nick wittgren,15594
asher wojciechowski,10836
randy wolf,976
tony wolters,11470
kean wong,15994
kolten wong,12532
alex wood,13781
blake wood,1345
brandon wood,6592
jake woodford,18674
hunter wood,15091
kerry wood,304
brandon woodruff,16162
tim wood,3775
travis wood,9884
brandon workman,11428
vance worley,6435
danny worth,198
david wright,3787
jamey wright,715
kyle wright,19665
mike wright jr.,12586
steven wright,8185
wesley wright,5960
austin wynns,15271
jimmy yacabonis,15157
shun yamaguchi,27460
jordan yamamoto,17585
ryan yarbrough,16502
mike yastrzemski,14854
kirby yates,9073
christian yelich,11477
juan yepez,18400
gabriel ynoa,12938
huascar ynoa,20468
kevin youkilis,1935
alex young,18333
andy young,19521
chris young,3196
chris young,3882
delmon young,2140
eric young jr.,7158
matt young,8989
michael young,1286
mark zagunis,16565
carlos zambrano,305
seby zavala,18887
brad ziegler,7293
bradley zimmer,16221
bruce zimmermann,20370
jordan zimmermann,4505
kyle zimmer,14169
ryan zimmerman,4220
barry zito,944
ben zobrist,7435
tyler zuber,20379
mike zunino,13265
tony zych,12876
last player,
gabriel moreno,22664
art warren,18251
cole winn,sa3008662
robert suarez,30115
matt brash,25756
tommy romero,23465
jhoan duran,21029
diego castillo,19906
cooper hummel,19458
spencer strider,27498
bryce elder,27779
josh rogers,18510
dany jimenez,21170
adam oller,20132
cole sands,21461
elehuris montero,20543
beau brieske,26079
kyle bradish,24586
rene pinto,19859
jack suwinski,22244
josh winder,24606
george kirby,25436
alex faedo,19874
humberto castellanos,21183
ryan pepiot,26221
adrian martinez,21023
corbin carroll,sa3010593
chase silseth,30074
luis gonzalez,20332
zach logue,20231
connor overton,18376
jake cousins,21620
chris rodriguez,22310
geraldo perdomo,22799
alfonso rivas,21560
brock burke,17968
felix bautista,20666
jonathan heasley,22224
matthew liberatore,22294
jason adam,11861
joan adon,22925
graham ashcraft,27552
tj friedl,19522
luis barrera,19615
brendan donovan,24679
ryan feltner,21446
rony garcia,20430
christopher morel,21897
jp sears,23429
joey wentz,19962
cal mitchell,22169
richie palacios,24589
alexis diaz,21132
brian serven,19422
hayden wesneski,sa3010617
gabriel arias,22563
romy gonzalez,21562
hunter brown,sa3010571
janson junk,23301
shea langeliers,sa3010329
braden shewmake,sa3010332
mark vientos,sa3004720
logan o'hoppe,sa3007519
cade cavalli,sa3014421
brandon williamson,sa3011494
ethan small,26364
gregory santos,21894
robert hassell,sa3014701
noelvi marte,sa3008745
anthony volpe,sa3010868
michael harris ii,25931
oscar gonzalez,20970
caleb kilian,26213
josh h. smith,26396
jason alexander,19666
jermaine palacios,18371
foster griffin,16432
kody clemens,20572
davis martin,21448
andre pallante,26108
konnor pilkington,21453
ezequiel duran,23733
jared koenig,27517
steele walker,22093
travis swaggerty,24491
matt swarmer,19705
vinnie pasquantino,27676
peter strzelecki,21367
buddy kennedy,22505
connor seabold,19695
max castillo,21956
bligh madris,20054
mark contreras,20122
jonathan aranda,21837
eddy alvarez,16959
michael kelly,12791